Hotel Name,Rating
Hotel Middle Path & Spa,Scored 9.3 9.3
Gantavya Resort,Scored 8.0 8.0
Basundhara Resort Pokhara,Scored 8.8 8.8
Hotel Pauwa Pokhara,Scored 7.6 7.6
Kuti Resort & Spa,Scored 8.3 8.3
Hotel Matina Suites,Scored 8.5 8.5
Annapurna Boutique Hotel,Scored 9.0 9.0
Hotel Kaavi,Scored 8.4 8.4
Hotel Blue Magnet,Scored 7.5 7.5
Pokhara Boutique Hotel,Scored 9.1 9.1
Hotel Dashain,Scored 10 10
Temple Himalaya Hotel & Spa,Scored 9.1 9.1
Hotel Greenland,Scored 8.8 8.8
Hotel Mera Peak Private Limited,Scored 8.8 8.8
Majestic Lake Front Hotel & Suites,Scored 8.6 8.6
Teeka Resort Suites & Spa,Scored 7.9 7.9
Bar Peepal Resort,Scored 9.4 9.4
Chautari Boutique Hotel,Scored 8.5 8.5
Hotel Sandalwood,Scored 9.2 9.2
Lake View Resort,Scored 8.5 8.5
Pokhara Choice Inn,Scored 9.2 9.2
Hotel Liberty,Scored 7.7 7.7
Pokhara Backpackers Hostel,Scored 9.1 9.1
Hotel Chino Pokhara,Scored 9.2 9.2
Hotel Eco Tree Pokhara,Scored 8.2 8.2
Hotel Grand Holiday,Scored 8.1 8.1
Hotel Lake Star,Scored 8.6 8.6
Jade City Hotel,Scored 7.4 7.4
Gusto Accommodation,Scored 8.7 8.7
Hotel Iceland,Scored 8.5 8.5
Nishan Apartments -Lakeside,Scored 9.6 9.6
Sarangkot Mountain Lodge,Scored 9.4 9.4
Hotel Peace Plaza,Scored 9.2 9.2
The Country Yard,Scored 8.2 8.2
My Hotel Pvt Ltd,Scored 7.5 7.5
Hotel Portland,Scored 8.5 8.5
Paradise Boutique Hotel,Scored 9.1 9.1
Hotel Task International,Scored 7.9 7.9
Three Jewels Boutique Hotel,Scored 9.1 9.1
Pokhara Alpine and Springs,Scored 9.1 9.1
Superview Lodge Sarangkot,Scored 7.7 7.7
Hotel Spring,Scored 9.4 9.4
Hotel Pokhara View,Scored 8.8 8.8
Butterfly Lodge,Scored 9.0 9.0
Hotel Himalayan Vacation,Scored 8.5 8.5
Kiwi Backpackers Hostel Pokhara,Scored 9.2 9.2
Hotel Karuna,Scored 9.1 9.1
Himalayan Front Hotel by KGH Group,Scored 8.6 8.6
Hotel Adam,Scored 9.0 9.0
Hotel Barahi Pokhara,Scored 8.8 8.8
Landmark Pokhara,Scored 7.7 7.7
Hotel Silver Oaks Inn,Scored 9.2 9.2
Hotel Tara,Scored 9.1 9.1
Hotel Fewa Camp,Scored 9.0 9.0
Hotel Splendid View,Scored 8.6 8.6
Hotel Snow Peak,Scored 8.6 8.6
Majheri Resort and Spa,Scored 8.2 8.2
Nanohana Lodge,Scored 9.1 9.1
Aabas Pokhara by Barahi Hospitality,Scored 8.6 8.6
Pokhara Batika,Scored 8.7 8.7
Mount View Pokhara,Scored 8.6 8.6
Hotel Tulip Pokhara Inn,Scored 6.3 6.3
Dorje's Resort and Spa,Scored 9.7 9.7
Hotel Hidden Kingdom,Scored 9.2 9.2
Hotel Tulsi,Scored 8.3 8.3
Hotel Sadan,Scored 7.5 7.5
Trekkers Inn Boutique Hotel Pokhara,Scored 7.6 7.6
The North Face Inn,Scored 9.3 9.3
Hotel Mala Pokhara,Scored 8.0 8.0
Deurali Guest House,Scored 8.0 8.0
Hotel Trip Pokhara,Scored 8.5 8.5
Hotel Lake Paradise,Scored 8.4 8.4
Hotel Kamana,Scored 8.1 8.1
POKHARA APARTMENTS INN,Scored 9.5 9.5
Zostel Pokhara,Scored 8.2 8.2
Hotel Lake Shore,Scored 9.2 9.2
Hotel Lake Himalaya,Scored 8.5 8.5
Hotel City Inn - Mountain View,Scored 8.9 8.9
Pokhara Tourist Home,Scored 8.7 8.7
Siddhartha Garden Ayurveda,Scored 9.5 9.5
Kumari Star Inn,Scored 8.3 8.3
Hotel Beijing Lu,Scored 8.3 8.3
"Busy Bee Resort, Pokhara",Scored 8.1 8.1
Hotel White Pearl,Scored 8.5 8.5
Bodhidham Yoga retreat Ashram,Scored 9.5 9.5
Himalayan Glory Inn,Scored 9.0 9.0
New United Hotel,Scored 8.2 8.2
Hotel The Clock,Scored 8.4 8.4
Hotel Orchid,Scored 8.7 8.7
"Hotel ABC, Boutique Hotel in Pokhara",Scored 9.4 9.4
Hotel New Elia,Scored 8.4 8.4
Hotel Rise Inn And Apartment,Scored 8.6 8.6
Hotel Fewa Trip,Scored 9.2 9.2
Mount Kailash Resort,Scored 8.4 8.4
The Mountain House,Scored 9.2 9.2
"Santoshi Guest House, Pokhara",Scored 9.2 9.2
Hotel Blossom,Scored 9.3 9.3
Hotel The Kantipur,Scored 7.5 7.5
Hotel Guru,Scored 9.6 9.6
Bhanjyang Village Lodge,Scored 9.0 9.0
Hotel Good One,Scored 8.6 8.6
Hotel Crown Himalayas,Scored 7.8 7.8
Urban Boutique Hotel Pokhara,Scored 9.4 9.4
Hotel Center Inn Lake,Scored 9.1 9.1
Himalayan Deurali Resort,Scored 8.2 8.2
Hotel Haven O' Ganga,Scored 9.6 9.6
Hotel Vajra Inn & Apartments,Scored 7.6 7.6
Atithi Resort & Spa,Scored 9.2 9.2
Naman Boutique Home,Scored 9.3 9.3
Hotel Sublime,Scored 7.3 7.3
Hotel Shaara,Scored 8.1 8.1
Hotel Elegant,Scored 8.7 8.7
Annapurna Eco Village,Scored 8.6 8.6
Temple Tree Resort & Spa,Scored 9.1 9.1
New Hotel Castle,Scored 9.7 9.7
Hostel The Good Earth Pvt. Ltd.,Scored 9.4 9.4
Hotel Bhagya,Scored 9.8 9.8
New Pokhara Lodge - Pokhara Lakeside,Scored 9.1 9.1
Mingtang Boutique Cottage 名堂花园度假屋,Scored 9.7 9.7
Hotel Travel Inn,Scored 9.4 9.4
Hotel Lake Journey,Scored 5.5 5.5
Hotel Crystal Palace,Scored 7.9 7.9
Rock Garden Resort,Scored 7.2 7.2
Hotel Secret Heaven,Scored 8.3 8.3
Placid Valley Lodge,Scored 8.0 8.0
HOTEL FORESTWAY Hostel & Backpackers,Scored 8.7 8.7
Hotel K2 Pokhara,Scored 9.2 9.2
Hotel Mountain View - Lakeside Pokhara,Scored 8.9 8.9
Sunshine Resort Pokhara,Scored 9.2 9.2
The Lakeside Retreat By IME Hospitality Pvt LTd,Scored 8.0 8.0
Hotel My Dream,Scored 9.1 9.1
Heritage Hotel Suites and Spa,Scored 7.2 7.2
Dlt This,Scored 3.0 3.0
Hotel Noble Inn花椒客栈,Scored 8.0 8.0
The Orchards - 果园,Scored 9.8 9.8
Hotel August International,Scored 8.9 8.9
Dharma Backpackers,Scored 8.2 8.2
Hotel Global Inn,Scored 8.8 8.8
Gurkha Lodge,Scored 8.7 8.7
Dahlia Boutique Hotel,Scored 8.9 8.9
Montana Inn,Scored 10 10
Mangal homestay,Scored 8.5 8.5
Hotel Sarangkot,Scored 8.2 8.2
Samiyog Tourist Resort,Scored 9.0 9.0
Hotel Hakoniwa,Scored 8.7 8.7
Hotel Lake Garden,Scored 6.9 6.9
Hotel Hulk,Scored 6.4 6.4
Shanti Cottage Managed By Shanti Guest House Group,Scored 10 10
JAP Guest House & Apart,Scored 9.9 9.9
Village Homestay with Culture and Nature,Scored 10 10
Mountain View cafe,Scored 8.0 8.0
Hotel waterside,Scored 8.6 8.6
Hotel Murano,Scored 8.3 8.3
Nepali Cottage Guest House,Scored 8.7 8.7
Yoga House Apartments,Scored 9.7 9.7
Hotel Mountain Dream,Scored 8.2 8.2
Vardan Resort n' Apartment,Scored 9.4 9.4
Hotel Lake n Yeti,Scored 6.9 6.9
Panoramic View Guest House Sarangkot,Scored 9.2 9.2
The North Face Inn's Homestay,Scored 9.7 9.7
Fewa Apartment,Scored 8.3 8.3
Hotel Sea Lake,Scored 9.0 9.0
Hotel Forest Lake Backpackers' Hostel,Scored 9.1 9.1
Hotel Diplomat,Scored 9.0 9.0
Golden Lake,Scored 8.7 8.7
Hotel Pokhara Village & SPA,Scored 9.0 9.0
New Summit Guest House,Scored 9.7 9.7
R&R Guest House,Scored 8.8 8.8
Paila Hostel Lakeside,Scored 8.5 8.5
Hotel Middle Star,Scored 8.1 8.1
Everest Guest House,Scored 6.9 6.9
Homeland Forest Villa,Scored 9.6 9.6
Hotel Glory Garden,Scored 9.0 9.0
Hotel Buddha Land,Scored 8.0 8.0
Hotel Queens Park,Scored 8.8 8.8
Hotel Sarathi,Scored 8.7 8.7
Stay Inn Hotel and Apartment Pokhara,Scored 8.1 8.1
Lotus Apartment,Scored 9.6 9.6
DnD Apartment Pokhara,Scored 9.4 9.4
3 Sisters Guest House - Pokhara,Scored 9.0 9.0
juneli raat homestay pokhara,Scored 8.5 8.5
Hotel Blue moon Pokhara,Scored 8.2 8.2
New Elite’s guest house,Scored 9.2 9.2
Hotel Nature Peace,Scored 8.9 8.9
The Pavilions Himalayas The Farm,Scored 9.4 9.4
Hotel Kajiinn,Scored 7.6 7.6
Cliff lake hotel cafe and bar,Scored 8.0 8.0
HOTEL LUMA INN,Scored 8.5 8.5
Hotel Dolly,Scored 9.2 9.2
Hotel bivhuti,Scored 9.3 9.3
Hotel old durbar,Scored 7.3 7.3
Shekhar's Place,Scored 9.6 9.6
Cherry Garden Pokhara,Scored 9.4 9.4
Roamers Inn - Hostel,Scored 9.3 9.3
Yeti Guest House,Scored 7.8 7.8
Gorgeous Village Guest House,Scored 8.8 8.8
Hotel Ezen,Scored 6.0 6.0
Hotel Yeti,Scored 8.7 8.7
Happy Sedi Lodge,Scored 5.3 5.3
Hotel The Lake,Scored 8.5 8.5
Hotel Olympus Pokhara,Scored 8.9 8.9
Green Tara Hotel,Scored 8.1 8.1
Hotel Peace Ganga Inn,Scored 8.7 8.7
Beach Lodge,Scored 8.7 8.7
Hotel Fewa Corner & Restro,Scored 8.7 8.7
Lake Breeze Apartment,Scored 8.9 8.9
Hotel Aarjan And Restaurant,Scored 8.7 8.7
Garden Rest House,Scored 8.1 8.1
The Eagle Zone,Scored 8.1 8.1
Hotel Peace Valley,Scored 8.7 8.7
Hotel Utsab Himalaya,Scored 7.7 7.7
Hotel Grace,Scored 8.6 8.6
Dinesh House,Scored 9.4 9.4
Swapnabagh Hotel & Resort,Scored 9.2 9.2
Lake View Lodge Sarangkot,Scored 8.9 8.9
Harvest Moon Guest House,Scored 9.3 9.3
Hotel High Ground Inn Sarangkot,Scored 9.3 9.3
Hotel Nightingale,Scored 8.6 8.6
Hotel Immortal Inn,Scored 7.1 7.1
Hotel Pristine Himalaya,Scored 9.3 9.3
My beautiful cottage in pokhara,Scored 8.6 8.6
Hope Guest House,Scored 10 10
Raniban Retreat,Scored 8.7 8.7
Vagabond Guest House,Scored 8.9 8.9
Hotel Rupee Pvt. Ltd.,Scored 6.8 6.8
Hotel Sarowar,Scored 8.3 8.3
Fewa View Cottage and Yoga Retreat Homestay,Scored 9.0 9.0
Fish Tail Lodge,Scored 8.7 8.7
New elites guest house,Scored 7.9 7.9
The Maple Inn,Scored 8.3 8.3
RJ-Residence,Scored 7.2 7.2
Hotel Buttercup,Scored 8.8 8.8
Bergauf Apartment,Scored 8.4 8.4
Experience Tibetan Rooms,Scored 9.4 9.4
Trekkers Lodge,Scored 9.1 9.1
Sarangkot Hotel New Galaxy,Scored 9.0 9.0
The Begnas Lake Resort & Villas,Scored 8.0 8.0
New Annapurna Guest House,Scored 9.5 9.5
Beli Guest House,Scored 9.6 9.6
New Tourist Guest House,Scored 9.1 9.1
Hotel Peace Stupa,Scored 9.0 9.0
Himalayan crown lodge,Scored 9.3 9.3
Hotel Village Inn,Scored 8.6 8.6
Happy Days Inn,Scored 6.3 6.3
Hotel Mandala,Scored 8.4 8.4
Hotel Plaza Nepal,Scored 8.0 8.0
Mum's Garden Resort,Scored 8.6 8.6
Charcoal BBQ restaurant & Hotel,Scored 10 10
Gaurishankar Backpackers hostel,Scored 8.7 8.7
Your Habitation,Scored 6.2 6.2
Hotel Vibe by Solitary,Scored 9.3 9.3
Hotel Nana Pokhara,Scored 7.7 7.7
Little Pilgrim Family Lodge,Scored 9.7 9.7
HOTEL MARINA VIEW,Scored 7.1 7.1
Hotel The Billabong Garden Pokhara,Scored 8.7 8.7
Hotel Mountain Village,Scored 5.7 5.7
Hotel Pokhara Suites,Scored 6.7 6.7
Hotel Pokharaeye,Scored 9.3 9.3
Gurung Family House,Scored 8.4 8.4
Nar-Bis Hotel,Scored 9.2 9.2
Hotel Blue lake,Scored 10 10
Hotel Garuda Inn,Scored 7.6 7.6
Cozy Escape with Stunning Views,Scored 9.7 9.7
Hotel Triple Hill,Scored 9.2 9.2
Hotel City Park,Scored 7.3 7.3
Hotel Lake Shadow,Scored 8.2 8.2
Om sweet Home ॐ,Scored 8.6 8.6
Sunny Peace Home,Scored 9.4 9.4
Hotel Pokhara Grande,Scored 9.5 9.5
Subedi Apartment,Scored 9.4 9.4
Harry Guest House & Restaurant,Scored 9.1 9.1
Galaxy Inn Guest House,Scored 8.0 8.0
Hotel Yatri,Scored 8.7 8.7
Peace Eye Guest House,Scored 9.3 9.3
Karuwa restaurant and cottage ghar,Scored 6.3 6.3
Mingo Guest House,Scored 8.6 8.6
Hotel Fishtail Villa,Scored 8.3 8.3
Mountain Glory Forest Resort,Scored 8.7 8.7
Hotel Celestyinn,Scored 8.7 8.7
Blue Planet Lodge & Restaurant,Scored 10 10
Thanapati Guesthouse,Scored 9.0 9.0
Naya Gaun Eco Resort,Scored 8.8 8.8
Pokhara Hotel Deep Sagar,Scored 7.0 7.0
Hotel Elite Pokhara,Scored 8.5 8.5
Geo Guest House,Scored 9.0 9.0
Hotel Stone House,Scored 6.5 6.5
Cozy Home,Scored 9.5 9.5
Hotel Sunflower,Scored 8.3 8.3
Hom's Homestay & Farmstay Sarangkot Pokhara,Scored 9.2 9.2
Himalayan Hidden Treasure,Scored 10 10
Namaste Stay Apartment,Scored 8.2 8.2
Pokhara Metro Eco Hotel,Scored 9.6 9.6
Hotel Balcony,Scored 9.4 9.4
Pushpa Guest House,Scored 7.8 7.8
Bay Hotel,Scored 8.5 8.5
Sunset guest house,Scored 8.5 8.5
Hotel Snowland,Scored 6.1 6.1
Hotel Snow Leopard,Scored 7.3 7.3
Crystal Apartment,Scored 9.8 9.8
Passion Nepal Eco Lodge,Scored 8.0 8.0
The Pavilions Himalayas Lake View,Scored 6.8 6.8
Krishna Inn,Scored 9.2 9.2
Hostel Nepal Pvt Ltd,Scored 8.6 8.6
Lake Vision Guesthouse,Scored 8.7 8.7
Hotel lake valley,Scored 1.5 1.5
Hotel Kunja,Scored 6.8 6.8
Hotel Harmony,Scored 8.4 8.4
Bishnu Homestay,Scored 9.4 9.4
Hotel Santana,Scored 8.0 8.0
Himalayan Guest House,Scored 6.5 6.5
ES Deurali Resort,Scored 9.2 9.2
Yuriko Guest House,Scored 8.7 8.7
Buddhi Boutique Rental Apartment,Scored 9.5 9.5
Buddhi Boutique,Scored 9.7 9.7
HOTEL ICE VIEW POKHARA,Scored 5.0 5.0
Purna,Scored 10 10
Hotel Green Hill View,Scored 8.9 8.9
Peace Dragon Lodge,Scored 8.0 8.0
Hotel Pokhara Goodwill,Scored 6.6 6.6
Hotel Nomad Inn,Scored 6.0 6.0
Hotel Sheron Lilyland,Scored 3.0 3.0
Hotel Peninsula,Scored 7.7 7.7
Hotel Pokhara Paradise,Scored 9.5 9.5
Paramount guest house,Scored 8.6 8.6
Kalash Parkaze And Tent Inn,Scored 9.5 9.5
Rupa View Guest house,Scored 9.1 9.1
Tranquil Water Guest House,Scored 8.1 8.1
Lake Forest Guest House And Restaurant,Scored 1.0 1.0
Mountain View Apartment Pokhara,Scored 8.0 8.0
Hotel Bedrock,Scored 6.6 6.6
The Hideout Villa Pokhara,Scored 8.6 8.6
Sweet Dreams Hotel,Scored 8.4 8.4
Tranquility Stay,Scored 7.0 7.0
Hotel Lake Mandap,Scored 7.7 7.7
peace guesthouse cottage,Scored 8.9 8.9
Myagdi Devisthan Guest House,Scored 1.0 1.0
Rupakot Resort,Scored 9.2 9.2
Tiger Mountain Pokhara Lodge,Scored 8.5 8.5
Hotel Homeland and Restaurant,Scored 8.9 8.9
Roamers Apartment,Scored 9.0 9.0
Paradise Mount Resort,Scored 7.8 7.8
Sakar home stay,Scored 10 10
Hotel Bishram,Scored 7.6 7.6
Hello Inn Guest House & Apartment,Scored 7.8 7.8
Hotel Silverline,Scored 3.0 3.0
GAUTAM GARDEN GUEST HOUSE,Scored 9.1 9.1
Hotel Citizen,Scored 1.0 1.0
Evergreen guest house,Scored 8.5 8.5
Private studio with blue-sky,Scored 10 10
Hotel River Park,Scored 7.0 7.0
Richheart's Two Bedroom Apartment,Scored 10 10
Mountain View Apartment Pokhara,Scored 8.5 8.5
Hotel Asia,Scored 7.8 7.8
Hotel Himalayan Home Lamagaun Pokhara 10 minute drive from tourist place lakeside rent Rooms,Scored 9.0 9.0
Paila Hostel Lakeside,Scored 8.0 8.0
Hotel Donosti Pokhara,Scored 7.4 7.4
Memory Guest house,Scored 10 10
Hotel Annapurna View Sarangkot,Scored 8.7 8.7
POMs Penthouse,Scored 8.9 8.9
Goodday Backpackers,Scored 9.0 9.0
Nepalaya Eco Hostel,Scored 9.2 9.2
Hotel Bardan,Scored 6.5 6.5
Dulcify cottage sarangkot,Scored 9.5 9.5
Tibetan Cottage,Scored 1.0 1.0
The Arth Guest House(Lonely Guest House),Scored 9.7 9.7
New ELITE’S Guest House,Scored 5.5 5.5
HIMALAYAN AAMA APARTMENT,Scored 9.7 9.7
Nice View Cottage,Scored 9.0 9.0
Lake Lovers Cafe & Homestay,Scored 8.0 8.0
Hotel Aerial View,Scored 6.5 6.5
Hotel Nevis,Scored 10 10
Jungle Front Lodge,Scored 8.9 8.9
Pick view restaurant and lodge,Scored 1.0 1.0
Gypsy Hostel & Backpackers,Scored 7.7 7.7
Pokhara Abroad Inn,Scored 9.0 9.0
Hilltop Restaurant and guesthouse,Scored 10 10
Bali Villa Pokhara,Scored 9.6 9.6
Begnas Lake Front guest house,Scored 5.0 5.0
Hotel bless inn,Scored 8.0 8.0
The Arth guest House,Scored 7.8 7.8
Peace Guest House,Scored 8.6 8.6
Margik Backpackers Hostel,Scored 9.1 9.1
BiCa International Eco-community Village,Scored 10 10
Deumadi Mountain Cottage,Scored 8.0 8.0
Meet Point Cafe & Restaurant (Homestay/Lodge),Scored 10 10
Pokhara Cottage,Scored 8.9 8.9
Le Glamour Luxury Resort & Wellness Spa Pvt Ltd,Scored 10 10
hotel the gateway pokhara,Scored 9.0 9.0
Hotel Asthas,Scored 2.5 2.5
Pokhara Star Inn Pvt Ltd,Scored 3.0 3.0
Cheerful 2 bed room flat with parking near forest.,Scored 5.0 5.0
